supplier_ref,product_description,brand,manufacturer_code,pack_size,unit_price_gbp,vat_rate,category,notes
ND-001,Nitrile Examination Gloves Extra Small,NovaDent ProTouch,MED-NIT-XS-100,box/100,7.80,0%,PPE,
ND-002,Nitrile Examination Gloves Small,NovaDent ProTouch,MED-NIT-SM-100,box/100,7.90,0%,PPE,
ND-003,Nitrile Examination Gloves Medium,NovaDent ProTouch,MED-NIT-MD-100,box/100,8.10,0%,PPE,
ND-004,Nitrile Examination Gloves Large,NovaDent ProTouch,MED-NIT-LG-100,box/100,8.10,0%,PPE,
ND-005,Vinyl Examination Gloves Medium Powdered,NovaDent ProTouch,MED-VNL-MD-100,box/100,5.20,0%,PPE,
ND-006,Vinyl Examination Gloves Large Powder-Free,NovaDent ProTouch,MED-VNL-LG-PF-100,box/100,5.40,0%,PPE,
ND-007,Latex Examination Gloves Medium,NovaDent ProTouch,MED-LAT-MD-100,box/100,6.50,0%,PPE,contains latex
ND-008,Type IIR Surgical Face Mask Blue,NovaDent Shield,MED-MSK-IIR-50,box/50,5.60,0%,PPE,
ND-009,Type I Face Mask White,NovaDent Shield,MED-MSK-TI-50,box/50,3.80,0%,PPE,
ND-010,FFP2 Respirator Mask,NovaDent Shield,MED-MSK-FFP2-20,box/20,13.20,0%,PPE,
ND-011,FFP3 Respirator Mask with Valve,NovaDent Shield,MED-MSK-FFP3V-10,box/10,18.50,0%,PPE,
ND-012,3M Filtek Z250 Composite Shade A1,3M ESPE,3M-FLT-Z250-A1,1 syringe 4g,22.10,20%,Restorative,
ND-013,3M Filtek Z250 Composite Shade A2,3M ESPE,3M-FLT-Z250-A2,1 syringe 4g,22.10,20%,Restorative,
ND-014,3M Filtek Z250 Composite Shade A3,3M ESPE,3M-FLT-Z250-A3,1 syringe 4g,22.10,20%,Restorative,
ND-015,3M Filtek Z250 Composite Shade B2,3M ESPE,3M-FLT-Z250-B2,1 syringe 4g,22.10,20%,Restorative,
ND-016,GC Fuji IX GP Extra Capsules Shade A2,GC UK,GC-F9-GPX-A2-50,box/50,89.00,20%,Restorative,
ND-017,GC Fuji IX GP Extra Capsules Shade A3,GC UK,GC-F9-GPX-A3-50,box/50,89.00,20%,Restorative,
ND-018,SDI Riva Self Cure Capsules A2,SDI,SDI-RSC-A2-050,box/50,54.00,20%,Restorative,
ND-019,SDI Riva Self Cure Capsules A3,SDI,SDI-RSC-A3-050,box/50,54.00,20%,Restorative,
ND-020,Dentsply Caulk Esthet-X HD Composite A2,Dentsply Sirona,DS-EXH-A2,1 syringe 3g,24.50,20%,Restorative,
ND-021,Septanest 4% Articaine 1:100000 Cartridges,Septodont,SEP-ART4-100-50,box/50,28.00,20%,Anaesthetics,
ND-022,Septanest 4% Articaine 1:200000 Cartridges,Septodont,SEP-ART4-200-50,box/50,27.50,20%,Anaesthetics,clinically different - NOT a duplicate of ND-021
ND-023,Lidocaine 2% Adrenaline 1:80000 Cartridges,Pierrel,PIE-LID2-80-50,box/50,19.80,20%,Anaesthetics,
ND-024,Mepivacaine 3% Plain Cartridges,Septodont,SEP-MEP3-PL-50,box/50,22.40,20%,Anaesthetics,plain - no vasoconstrictor
ND-025,Citanest 3% Prilocaine Plain Cartridges,Dentsply,DS-CIT3-PL-50,box/50,21.60,20%,Anaesthetics,
ND-026,Alginate Impression Material Fast Set 500g,NovaDent AlgiForm,ND-ALG-FS-500,500g tub,6.80,20%,Impression,
ND-027,Alginate Impression Material Regular Set 500g,NovaDent AlgiForm,ND-ALG-RS-500,500g tub,6.75,20%,Impression,
ND-028,Aquasil Ultra Monophase Regular Set,Dentsply Sirona,DS-AQU-MON-REG,50ml cartridge,28.90,20%,Impression,
ND-029,Aquasil Ultra Light Body Fast Set,Dentsply Sirona,DS-AQU-LB-FS,50ml cartridge,29.50,20%,Impression,different viscosity
ND-030,Impregum Penta Soft Polyether Medium,3M ESPE,3M-IMP-PS-MED,50ml cartridge,38.20,20%,Impression,
ND-031,Reprosil VPS Impression Material Heavy Body,Dentsply,DS-REP-HB,50ml cartridge,31.40,20%,Impression,
ND-032,Rubber Dam Latex-Free Medium 6x6 inch,Dentsply Sirona,DS-RD-LF-MED-36,36 sheet pack,14.50,20%,Isolation,
ND-033,Rubber Dam Latex Medium 6x6 inch,Dentsply Sirona,DS-RD-L-MED-36,36 sheet pack,11.20,20%,Isolation,latex - clinically different
ND-034,Rubber Dam Clamps Assorted Pack,NovaDent IsolaPro,ND-RDC-ASST,set of 6,18.40,20%,Isolation,
ND-035,Rubber Dam Frame Plastic Young Style,Hu-Friedy,HF-RDF-PL-YG,single,4.20,20%,Isolation,
ND-036,Rubber Dam Punch Ainsworth Style,Hu-Friedy,HF-RDP-AIN,single,62.00,20%,Instruments,
ND-037,ProTaper Universal Files 25mm Assorted F1-F3,Dentsply Sirona,DS-PTU-25-F13,pack/6,34.80,20%,Endodontics,
ND-038,ProTaper Universal Files 21mm Assorted F1-F3,Dentsply Sirona,DS-PTU-21-F13,pack/6,34.80,20%,Endodontics,
ND-039,WaveOne Gold Primary 25mm,Dentsply Sirona,DS-WOG-PRM-25,pack/3,28.50,20%,Endodontics,
ND-040,K-Files Size 15 25mm,NovaDent EndoLine,ND-KF-015-25,pack/6,3.20,20%,Endodontics,
ND-041,K-Files Size 20 25mm,NovaDent EndoLine,ND-KF-020-25,pack/6,3.20,20%,Endodontics,
ND-042,K-Files Size 25 25mm,NovaDent EndoLine,ND-KF-025-25,pack/6,3.20,20%,Endodontics,
ND-043,Gutta Percha Points Size 25 Taper .04,NovaDent EndoLine,ND-GP-025-04,box/60,6.40,20%,Endodontics,
ND-044,AH Plus Root Canal Sealer,Dentsply,DS-AHP-STD,1 automix syringe,18.20,20%,Endodontics,
ND-045,Sodium Hypochlorite 3% Irrigation Solution,NovaDent EndoLine,ND-NaOCl-3-500,500ml bottle,4.10,20%,Endodontics,
ND-046,Glutaraldehyde-Free Instrument Disinfectant 5L,NovaDent Sterile,ND-DIS-GF-5L,5L container,22.80,20%,Infection Control,
ND-047,Surface Disinfectant Spray 1L,NovaDent Sterile,ND-SDS-1L,1L spray,8.60,20%,Infection Control,
ND-048,Autoclave Pouches Self-Seal 89x229mm,NovaDent Sterile,ND-ACP-89229,box/200,12.40,20%,Infection Control,
ND-049,Autoclave Pouches Self-Seal 135x254mm,NovaDent Sterile,ND-ACP-135254,box/200,14.60,20%,Infection Control,
ND-050,Dental Wipes Alcohol-Free 200 Sheet Roll,NovaDent Sterile,ND-DW-AF-200,1 roll,6.20,20%,Infection Control,
ND-051,Opalescence PF 16% Whitening Gel,Ultradent,ULT-OPF-16-8,8 syringes,62.00,20%,Whitening,
ND-052,Opalescence PF 35% Whitening Gel,Ultradent,ULT-OPF-35-4,4 syringes,58.00,20%,Whitening,different concentration - NOT a duplicate
ND-053,Fluoride Varnish 5% NaF Single Dose,NovaDent PrevaCare,ND-FV-5-50,50 x 0.4ml units,38.50,20%,Preventive,
ND-054,Chlorhexidine Gel 1% 50g Tube,NovaDent PrevaCare,ND-CHX-1-50G,50g tube,4.80,20%,Preventive,
ND-055,GC Tooth Mousse Mint Flavour,GC UK,GC-TM-MINT,40g tube,14.20,20%,Preventive,
ND-056,Cotton Wool Rolls Medium,NovaDent Sundries,ND-CWR-MD-1000,bag/1000,7.40,20%,Consumables,
ND-057,Cotton Wool Rolls Large,NovaDent Sundries,ND-CWR-LG-1000,bag/1000,7.80,20%,Consumables,
ND-058,Disposable Saliva Ejectors,NovaDent Sundries,ND-SE-100,bag/100,3.20,20%,Consumables,
ND-059,High Volume Evacuation Tips Disposable,NovaDent Sundries,ND-HVE-100,bag/100,8.80,20%,Consumables,
ND-060,3-in-1 Syringe Tips,NovaDent Sundries,ND-3IN1-250,bag/250,6.10,20%,Consumables,
ND-061,Dental Bibs 2-Ply,NovaDent Sundries,ND-BIB-2P-500,box/500,9.20,20%,Consumables,
ND-062,Paper Mixing Pads A4 Size,NovaDent Sundries,ND-PMP-A4-100,pad/100 sheets,3.60,20%,Consumables,
ND-063,Wooden Spatulas,NovaDent Sundries,ND-WSP-100,bag/100,1.80,20%,Consumables,
ND-064,Impression Trays Upper Small Disposable,NovaDent Sundries,ND-IT-US-25,bag/25,4.10,20%,Consumables,
ND-065,Impression Trays Upper Medium Disposable,NovaDent Sundries,ND-IT-UM-25,bag/25,4.10,20%,Consumables,
ND-066,Impression Trays Upper Large Disposable,NovaDent Sundries,ND-IT-UL-25,bag/25,4.10,20%,Consumables,
ND-067,Impression Trays Lower Small Disposable,NovaDent Sundries,ND-IT-LS-25,bag/25,4.10,20%,Consumables,
ND-068,Impression Trays Lower Medium Disposable,NovaDent Sundries,ND-IT-LM-25,bag/25,4.10,20%,Consumables,
ND-069,Headrest Paper Roll 20 inch,NovaDent Sundries,ND-HPR-20-12,12 rolls/case,18.60,20%,Consumables,
ND-070,Patient Bibs Tissue/Poly 2-Ply,NovaDent Sundries,ND-PB-TP-500,box/500,11.40,20%,Consumables,
ND-071,Ketac Cem Radiopaque Glass Ionomer Cement,3M ESPE,3M-KC-RO-STD,standard pack,28.60,20%,Cements,
ND-072,Cavit Temporary Filling Material 28g,3M ESPE,3M-CAV-28G,28g tube,5.40,20%,Cements,
ND-073,Zinc Oxide Eugenol Powder 40g,NovaDent CemBond,ND-ZOE-40G,40g tin,4.20,20%,Cements,
ND-074,Temp Bond NE Non-Eugenol Temporary Cement,Kerr,KER-TBNE-STD,1 automix,18.80,20%,Cements,
ND-075,RelyX Luting 2 Glass Ionomer Cement,3M ESPE,3M-RLX2-STD,standard pack,32.40,20%,Cements,
ND-076,Chlorhexidine Mouthwash 0.2% 300ml,NovaDent PrevaCare,ND-CHX-02-300,300ml bottle,3.80,20%,Periodontics,
ND-077,Ultrasonic Scaler Tips P10 Universal,NovaDent PerioLine,ND-UST-P10,single,18.40,20%,Periodontics,
ND-078,Curette Gracey 5/6 Double-End,Hu-Friedy,HF-GR-56-DE,single,38.60,20%,Instruments,
ND-079,Periodontal Probe Williams Colour-Coded,Hu-Friedy,HF-PWM-CC,single,22.40,20%,Instruments,
ND-080,Prophy Paste Medium Grit 200g,NovaDent PrevaCare,ND-PP-MED-200,200g tub,7.20,20%,Preventive,
ND-081,Dental X-Ray Film Size 0 Periapical,Carestream,CS-XRF-S0-150,box/150,28.80,20%,Radiography,
ND-082,Dental X-Ray Film Size 2 Periapical,Carestream,CS-XRF-S2-150,box/150,32.40,20%,Radiography,
ND-083,Phosphor Plate Size 0 for Digital X-Ray,Carestream,CS-PSP-S0,single,88.00,20%,Radiography,
ND-084,Film Holder Rinn XCP Anterior Kit,Dentsply Rinn,DS-RNN-XCP-ANT,kit,64.20,20%,Radiography,
ND-085,Lead Apron Adult with Thyroid Collar,NovaDent SafeGuard,ND-LA-ADT-TC,single,148.00,20%,Radiography,
ND-086,Separator Elastics 1000 Pack,NovaDent OrthoLine,ND-SEP-EL-1000,bag/1000,6.80,20%,Orthodontics,
ND-087,Articulating Paper 40 micron Blue,Bausch,BAU-AP-40B-200,box/200 strips,8.40,20%,Restorative,
ND-088,Articulating Paper 200 micron Red,Bausch,BAU-AP-200R-200,box/200 strips,8.40,20%,Restorative,
ND-089,Tofflemire Matrix Retainer,NovaDent RestorePro,ND-TMR-STD,single,6.20,20%,Restorative,
ND-090,Sectional Matrix System Assorted Kit,Garrison Dental,GD-SMS-ASST,kit,62.00,20%,Restorative,
ND-091,Topical Anaesthetic Gel Benzocaine 20% Strawberry,NovaDent PrevaCare,ND-TAG-S20-30,30g jar,5.60,20%,Anaesthetics,
ND-092,Spot Welding Tip Replacement,NovaDent TechLine,ND-SWT-REP,pack/10,12.80,20%,Equipment,
ND-093,Mixing Tips Blue Fine for Impression Materials,NovaDent Sundries,ND-MT-BLU-FIN-50,bag/50,8.20,20%,Consumables,
ND-094,Mixing Tips Yellow Standard for Impression Materials,NovaDent Sundries,ND-MT-YEL-STD-50,bag/50,7.80,20%,Consumables,
ND-095,Prophy Angle Disposable Latch Type,NovaDent PrevaCare,ND-PA-LT-100,bag/100,14.60,20%,Preventive,
ND-096,Etch Gel 37% Phosphoric Acid 12ml,NovaDent RestorePro,ND-ETG-37-12,12ml syringe,4.80,20%,Restorative,
ND-097,Bonding Agent Single Component 6ml,NovaDent RestorePro,ND-BND-SC-6,6ml bottle,18.20,20%,Restorative,
ND-098,Composite Finishing and Polishing Kit,NovaDent RestorePro,ND-CFP-KIT,kit/12 points,22.40,20%,Restorative,
ND-099,Colgate Duraphat 5000 Toothpaste 51g,Colgate Professional,CP-DUR-5000,51g tube,6.20,20%,Preventive,POM - prescription only
ND-100,Stainless Steel Crowns Lower Molar Size 4,NovaDent PaediPro,ND-SSC-LM-4,pack/5,28.60,20%,Paediatric,
